<?xml version="1.0" encoding="UTF-8"?>

<mule xmlns:tls="http://www.mulesoft.org/schema/mule/tls" xmlns:http="http://www.mulesoft.org/schema/mule/http"
	xmlns="http://www.mulesoft.org/schema/mule/core"
	xmlns:doc="http://www.mulesoft.org/schema/mule/documentation" xmlns:xsi="http://www.w3.org/2001/XMLSchema-instance" xsi:schemaLocation="http://www.mulesoft.org/schema/mule/core http://www.mulesoft.org/schema/mule/core/current/mule.xsd
http://www.mulesoft.org/schema/mule/http http://www.mulesoft.org/schema/mule/http/current/mule-http.xsd
http://www.mulesoft.org/schema/mule/tls http://www.mulesoft.org/schema/mule/tls/current/mule-tls.xsd">
	<http:listener-config name="HTTP_Listener_config" doc:name="HTTP Listener config" doc:id="50cc5119-8ce1-4a60-a390-0c5e137e1d3c" >
		<http:listener-connection host="0.0.0.0" port="8082" protocol="HTTPS">
			<tls:context >
				<tls:key-store type="jks" path="keystore.jks" keyPassword="password" password="password" />
			</tls:context>
		</http:listener-connection>
	</http:listener-config>
	<flow name="httpsserviceFlow" doc:id="de36e64a-23ca-4725-a900-6bb306241a29" >
		<http:listener doc:name="Listener" doc:id="27d14a50-460a-4c1a-bc2f-1efe6a6ffb04" config-ref="HTTP_Listener_config" path="/service"/>
		<set-payload value="https service is created" doc:name="Set Payload" doc:id="47a7952b-46e4-4416-b02a-8f48f07d3b00" />
		<logger level="INFO" doc:name="Logger" doc:id="46fc20a8-068f-40fa-a8f5-692357a177cd" />
	</flow>
</mule>
