<?xml version="1.0" encoding="UTF-8"?>

<mule xmlns:http="http://www.mulesoft.org/schema/mule/http" xmlns="http://www.mulesoft.org/schema/mule/core"
	xmlns:doc="http://www.mulesoft.org/schema/mule/documentation"
	xmlns:xsi="http://www.w3.org/2001/XMLSchema-instance" xsi:schemaLocation="http://www.mulesoft.org/schema/mule/core http://www.mulesoft.org/schema/mule/core/current/mule.xsd
http://www.mulesoft.org/schema/mule/http http://www.mulesoft.org/schema/mule/http/current/mule-http.xsd">
	<http:listener-config name="HTTP_Listener_config" doc:name="HTTP Listener config" doc:id="f1732722-e758-4b1f-bee6-9ccc82ca72b1" >
		<http:listener-connection host="0.0.0.0" port="8081" />
	</http:listener-config>
	<http:request-config name="HTTP_Request_configuration" doc:name="HTTP Request configuration" doc:id="f8aea8ea-bb5e-48a1-a78b-8c94935a4966" />
	<flow name="errorFlow" doc:id="754b3c07-5d27-4434-a027-12a202f3c790" >
		<http:listener doc:name="Listener" doc:id="caca98f1-2c80-4a33-8c2d-b1dcaae5cca9" config-ref="HTTP_Listener_config" path="/error"/>
		<set-payload value="begining of payload" doc:name="Set Payload" doc:id="b18eb406-126d-48bd-851a-ac06988284fa" />
		<http:request method="GET" doc:name="Request" doc:id="0c7aae19-e534-4f7c-b63b-14a9d07d8725" config-ref="HTTP_Request_configuration" url="cdd.sdsd.com"/>
		<set-payload value="after payload" doc:name="Set Payload" doc:id="b86262ee-dac2-4d15-8cc8-f31a7b88ecf9" />
		<error-handler >
			<on-error-continue enableNotifications="true" logException="true" doc:name="On Error Continue" doc:id="905cbe2f-9ef2-4dbb-9509-be2427f0c448" type="ANY">
				<set-payload value="main payload" doc:name="Set Payload" doc:id="7f4240fb-a4a2-46b8-a2cd-c33e92880506" />
				<logger level="INFO" doc:name="Logger" doc:id="8cda5b00-ffce-4b53-b9e2-3b0867c6da52" message="success"/>
			</on-error-continue>
		</error-handler>
	</flow>
</mule>
